Key,Athaliana_poly10,Key,fly_poly10,Key,rice_poly10,Key,worm_poly10,Key,urchin_poly10,Key,ciona_poly10,Key,amphioxus_poly10,Key,zebra_poly10
D,32,D,10,D,15,D,3,D,34,D,0,D,29,D,23
Q,52,Q,302,Q,32,Q,17,Q,200,Q,16,Q,45,Q,40
N,13,N,36,N,1,N,3,N,5,N,4,N,4,N,4
S,91,S,62,S,62,S,19,S,73,S,13,S,24,S,78
E,49,E,6,E,40,E,6,E,131,E,2,E,29,E,64
R,0,R,0,R,34,R,1,R,1,R,5,R,1,R,0
H,6,H,16,H,7,H,0,H,24,H,1,H,3,H,25
P,36,P,18,P,93,P,18,P,46,P,0,P,31,P,42
K,13,K,0,K,1,K,0,K,27,K,1,K,7,K,8
A,8,A,122,A,110,A,10,A,44,A,0,A,6,A,22
V,0,V,0,V,3,V,0,V,1,V,1,V,3,V,0
T,11,T,43,T,5,T,44,T,12,T,13,T,3,T,12
G,46,G,70,G,226,G,14,G,134,G,0,G,14,G,32
L,1,L,0,L,9,L,0,L,1,L,0,L,3,L,4
C,0,C,1,C,0,C,0,C,1,C,0,C,0,C,0
F,0,F,0,F,1,F,0,F,0,F,0,F,0,F,1
I,0,I,0,I,0,I,0,I,0,I,0,I,3,I,2
Y,0,Y,0,Y,0,Y,0,Y,0,Y,0,Y,3,Y,0
M,1,M,0,M,0,M,0,M,0,M,0,M,2,M,0
W,0,W,0,W,0,W,0,W,0,W,0,W,0,W,0
